{
  "label": "cache_aside__balanced",
  "config": {
    "duration_sec_target": 15.0,
    "workers": 16,
    "keys": 1000,
    "read_ratio": 0.5
  },
  "client": {
    "client_requests": 14040,
    "client_reads": 7010,
    "client_writes": 7030,
    "client_errors": 0,
    "client_not_found": 0,
    "client_throughput_rps": 935.3456539428388,
    "client_avg_latency_ms": 17.057879156841228,
    "client_p50_latency_ms": 16.695657999662217,
    "client_p95_latency_ms": 26.917437000520295,
    "client_p99_latency_ms": 34.71143800015852,
    "client_max_latency_ms": 76.0433319992444
  },
  "server_during": {
    "elapsed_sec": 15.025612831115723,
    "request_count": 14040,
    "throughput_rps": 934.404483717651,
    "avg_latency_ms": 4.889235599150516,
    "max_latency_ms": 46.2157029996888,
    "cache_hits": 3717,
    "cache_misses": 3293,
    "cache_hit_rate": 0.5302425106990014,
    "db_reads": 3293,
    "db_writes": 7030,
    "db_total": 10323,
    "writeback_flushes": 0,
    "writeback_flushed_keys": 0,
    "strategy": "cache_aside"
  },
  "server_after_flush": {
    "elapsed_sec": 15.039137840270996,
    "request_count": 14040,
    "throughput_rps": 933.5641543496224,
    "avg_latency_ms": 4.889235599150516,
    "max_latency_ms": 46.2157029996888,
    "cache_hits": 3717,
    "cache_misses": 3293,
    "cache_hit_rate": 0.5302425106990014,
    "db_reads": 3293,
    "db_writes": 7030,
    "db_total": 10323,
    "writeback_flushes": 0,
    "writeback_flushed_keys": 0,
    "strategy": "cache_aside"
  },
  "writeback_pending_before_flush": 0,
  "writeback_flushed_post_run": 0,
  "wall_clock_sec": 15.010493651000616
}