{
  "cache_aside": {
    "read_heavy": {
      "label": "cache_aside__read_heavy",
      "config": {
        "duration_sec_target": 15.0,
        "workers": 16,
        "keys": 1000,
        "read_ratio": 0.8
      },
      "client": {
        "client_requests": 19940,
        "client_reads": 15902,
        "client_writes": 4038,
        "client_errors": 0,
        "client_not_found": 0,
        "client_throughput_rps": 1328.6950759632825,
        "client_avg_latency_ms": 12.018919841271334,
        "client_p50_latency_ms": 11.235296999984712,
        "client_p95_latency_ms": 21.385254000051646,
        "client_p99_latency_ms": 28.45740599968849,
        "client_max_latency_ms": 72.97307400040154
      },
      "server_during": {
        "elapsed_sec": 15.018129825592041,
        "request_count": 19940,
        "throughput_rps": 1327.728567509166,
        "avg_latency_ms": 2.0892657615885972,
        "max_latency_ms": 36.48649899969314,
        "cache_hits": 12840,
        "cache_misses": 3062,
        "cache_hit_rate": 0.8074456043264998,
        "db_reads": 3062,
        "db_writes": 4038,
        "db_total": 7100,
        "writeback_flushes": 0,
        "writeback_flushed_keys": 0,
        "strategy": "cache_aside"
      },
      "server_after_flush": {
        "elapsed_sec": 15.028185844421387,
        "request_count": 19940,
        "throughput_rps": 1326.8401260423545,
        "avg_latency_ms": 2.0892657615885972,
        "max_latency_ms": 36.48649899969314,
        "cache_hits": 12840,
        "cache_misses": 3062,
        "cache_hit_rate": 0.8074456043264998,
        "db_reads": 3062,
        "db_writes": 4038,
        "db_total": 7100,
        "writeback_flushes": 0,
        "writeback_flushed_keys": 0,
        "strategy": "cache_aside"
      },
      "writeback_pending_before_flush": 0,
      "writeback_flushed_post_run": 0,
      "wall_clock_sec": 15.007205461000012
    },
    "balanced": {
      "label": "cache_aside__balanced",
      "config": {
        "duration_sec_target": 15.0,
        "workers": 16,
        "keys": 1000,
        "read_ratio": 0.5
      },
      "client": {
        "client_requests": 14040,
        "client_reads": 7010,
        "client_writes": 7030,
        "client_errors": 0,
        "client_not_found": 0,
        "client_throughput_rps": 935.3456539428388,
        "client_avg_latency_ms": 17.057879156841228,
        "client_p50_latency_ms": 16.695657999662217,
        "client_p95_latency_ms": 26.917437000520295,
        "client_p99_latency_ms": 34.71143800015852,
        "client_max_latency_ms": 76.0433319992444
      },
      "server_during": {
        "elapsed_sec": 15.025612831115723,
        "request_count": 14040,
        "throughput_rps": 934.404483717651,
        "avg_latency_ms": 4.889235599150516,
        "max_latency_ms": 46.2157029996888,
        "cache_hits": 3717,
        "cache_misses": 3293,
        "cache_hit_rate": 0.5302425106990014,
        "db_reads": 3293,
        "db_writes": 7030,
        "db_total": 10323,
        "writeback_flushes": 0,
        "writeback_flushed_keys": 0,
        "strategy": "cache_aside"
      },
      "server_after_flush": {
        "elapsed_sec": 15.039137840270996,
        "request_count": 14040,
        "throughput_rps": 933.5641543496224,
        "avg_latency_ms": 4.889235599150516,
        "max_latency_ms": 46.2157029996888,
        "cache_hits": 3717,
        "cache_misses": 3293,
        "cache_hit_rate": 0.5302425106990014,
        "db_reads": 3293,
        "db_writes": 7030,
        "db_total": 10323,
        "writeback_flushes": 0,
        "writeback_flushed_keys": 0,
        "strategy": "cache_aside"
      },
      "writeback_pending_before_flush": 0,
      "writeback_flushed_post_run": 0,
      "wall_clock_sec": 15.010493651000616
    },
    "write_heavy": {
      "label": "cache_aside__write_heavy",
      "config": {
        "duration_sec_target": 15.0,
        "workers": 16,
        "keys": 1000,
        "read_ratio": 0.2
      },
      "client": {
        "client_requests": 10849,
        "client_reads": 2160,
        "client_writes": 8689,
        "client_errors": 0,
        "client_not_found": 0,
        "client_throughput_rps": 722.3984631505479,
        "client_avg_latency_ms": 22.10756520250902,
        "client_p50_latency_ms": 21.72300699930929,
        "client_p95_latency_ms": 32.02611000051547,
        "client_p99_latency_ms": 42.36804399988614,
        "client_max_latency_ms": 74.49005900070915
      },
      "server_during": {
        "elapsed_sec": 15.038970232009888,
        "request_count": 10849,
        "throughput_rps": 721.3924778511968,
        "avg_latency_ms": 7.201398726144015,
        "max_latency_ms": 57.206840000617376,
        "cache_hits": 608,
        "cache_misses": 1552,
        "cache_hit_rate": 0.2814814814814815,
        "db_reads": 1552,
        "db_writes": 8689,
        "db_total": 10241,
        "writeback_flushes": 0,
        "writeback_flushed_keys": 0,
        "strategy": "cache_aside"
      },
      "server_after_flush": {
        "elapsed_sec": 15.055444955825806,
        "request_count": 10849,
        "throughput_rps": 720.6030796055553,
        "avg_latency_ms": 7.201398726144015,
        "max_latency_ms": 57.206840000617376,
        "cache_hits": 608,
        "cache_misses": 1552,
        "cache_hit_rate": 0.2814814814814815,
        "db_reads": 1552,
        "db_writes": 8689,
        "db_total": 10241,
        "writeback_flushes": 0,
        "writeback_flushed_keys": 0,
        "strategy": "cache_aside"
      },
      "writeback_pending_before_flush": 0,
      "writeback_flushed_post_run": 0,
      "wall_clock_sec": 15.018027519999123
    }
  },
  "write_through": {
    "read_heavy": {
      "label": "write_through__read_heavy",
      "config": {
        "duration_sec_target": 15.0,
        "workers": 16,
        "keys": 1000,
        "read_ratio": 0.8
      },
      "client": {
        "client_requests": 19514,
        "client_reads": 15577,
        "client_writes": 3937,
        "client_errors": 0,
        "client_not_found": 0,
        "client_throughput_rps": 1300.366864572272,
        "client_avg_latency_ms": 12.283386005381157,
        "client_p50_latency_ms": 11.275420999481867,
        "client_p95_latency_ms": 22.946860999581986,
        "client_p99_latency_ms": 30.667829999401874,
        "client_max_latency_ms": 71.8903090000822
      },
      "server_during": {
        "elapsed_sec": 15.020758867263794,
        "request_count": 19514,
        "throughput_rps": 1299.1354280061553,
        "avg_latency_ms": 1.5700509428102012,
        "max_latency_ms": 44.056257000193,
        "cache_hits": 15577,
        "cache_misses": 0,
        "cache_hit_rate": 1.0,
        "db_reads": 0,
        "db_writes": 3937,
        "db_total": 3937,
        "writeback_flushes": 0,
        "writeback_flushed_keys": 0,
        "strategy": "write_through"
      },
      "server_after_flush": {
        "elapsed_sec": 15.035472631454468,
        "request_count": 19514,
        "throughput_rps": 1297.8640896978773,
        "avg_latency_ms": 1.5700509428102012,
        "max_latency_ms": 44.056257000193,
        "cache_hits": 15577,
        "cache_misses": 0,
        "cache_hit_rate": 1.0,
        "db_reads": 0,
        "db_writes": 3937,
        "db_total": 3937,
        "writeback_flushes": 0,
        "writeback_flushed_keys": 0,
        "strategy": "write_through"
      },
      "writeback_pending_before_flush": 0,
      "writeback_flushed_post_run": 0,
      "wall_clock_sec": 15.006534334000207
    },
    "balanced": {
      "label": "write_through__balanced",
      "config": {
        "duration_sec_target": 15.0,
        "workers": 16,
        "keys": 1000,
        "read_ratio": 0.5
      },
      "client": {
        "client_requests": 15693,
        "client_reads": 7807,
        "client_writes": 7886,
        "client_errors": 0,
        "client_not_found": 0,
        "client_throughput_rps": 1045.6807492382939,