{
  "actual_rate": 321.1988020646027,
  "broker": "artmq",
  "duration_sec": 29.993885214,
  "errors": 0,
  "message_size": 10240,
  "messages_sent": 9634,
  "target_rate": 5000
}
