{
  "actual_rate": 656.3636633308698,
  "broker": "artmq",
  "duration_sec": 29.994043089,
  "errors": 0,
  "message_size": 10240,
  "messages_sent": 19687,
  "target_rate": 10000
}
