{
  "actual_rate": 167.44525505595075,
  "broker": "artmq",
  "duration_sec": 29.997864068,
  "errors": 0,
  "message_size": 102400,
  "messages_sent": 5023,
  "target_rate": 10000
}
