{
  "actual_rate": 442.0817802439182,
  "broker": "artmq",
  "duration_sec": 30.008022481,
  "errors": 0,
  "message_size": 10240,
  "messages_sent": 13266,
  "target_rate": 5000
}
