{
  "actual_rate": 372.3832116242404,
  "broker": "artmq",
  "duration_sec": 30.001352508,
  "errors": 0,
  "message_size": 102400,
  "messages_sent": 11172,
  "target_rate": 5000
}
