{
  "actual_rate": 241.90764349936654,
  "broker": "artmq",
  "duration_sec": 29.999052097,
  "errors": 0,
  "message_size": 102400,
  "messages_sent": 7257,
  "target_rate": 10000
}
