{
  "actual_rate": 242.0544669313345,
  "broker": "artmq",
  "duration_sec": 29.997380722,
  "errors": 0,
  "message_size": 10240,
  "messages_sent": 7261,
  "target_rate": 1000
}
