{
  "actual_rate": 701.4372039487225,
  "broker": "artmq",
  "duration_sec": 29.998408812,
  "errors": 0,
  "message_size": 128,
  "messages_sent": 21042,
  "target_rate": 5000
}
