{
  "actual_rate": 440.9359866981651,
  "broker": "artmq",
  "duration_sec": 29.995283667,
  "errors": 0,
  "message_size": 10240,
  "messages_sent": 13226,
  "target_rate": 1000
}
