{
  "actual_rate": 213.90460374600033,
  "broker": "artmq",
  "duration_sec": 30.018054252,
  "errors": 0,
  "message_size": 102400,
  "messages_sent": 6421,
  "target_rate": 1000
}
