{
  "actual_rate": 426.66323728016283,
  "broker": "rabbitmq",
  "duration_sec": 29.995553593,
  "errors": 0,
  "message_size": 102400,
  "messages_sent": 12798,
  "target_rate": 10000
}
