{
  "actual_rate": 968.4816184178433,
  "broker": "rabbitmq",
  "duration_sec": 29.993341585,
  "errors": 0,
  "message_size": 102400,
  "messages_sent": 29048,
  "target_rate": 1000
}
