{
  "actual_rate": 435.3786146039498,
  "broker": "rabbitmq",
  "duration_sec": 29.994583018,
  "errors": 0,
  "message_size": 102400,
  "messages_sent": 13059,
  "target_rate": 5000
}
