{
  "actual_rate": 470.45581799351856,
  "broker": "rabbitmq",
  "duration_sec": 29.990063807,
  "errors": 0,
  "message_size": 10240,
  "messages_sent": 14109,
  "target_rate": 10000
}
