{
  "actual_rate": 470.39385450456996,
  "broker": "rabbitmq",
  "duration_sec": 29.996140181,
  "errors": 0,
  "message_size": 10240,
  "messages_sent": 14110,
  "target_rate": 1000
}
