{
  "actual_rate": 981.1367166763717,
  "broker": "redis",
  "duration_sec": 29.985627385,
  "errors": 0,
  "message_size": 1024,
  "messages_sent": 29420,
  "target_rate": 1000
}
