{
  "actual_rate": 897.0997827581245,
  "broker": "redis",
  "duration_sec": 29.995548452,
  "errors": 0,
  "message_size": 1024,
  "messages_sent": 26909,
  "target_rate": 1000
}
