{
  "actual_rate": 5560.003016597594,
  "broker": "redis",
  "duration_sec": 29.995847035,
  "errors": 0,
  "message_size": 10240,
  "messages_sent": 166777,
  "target_rate": 10000
}
