{
  "actual_rate": 893.4725648011392,
  "broker": "redis",
  "duration_sec": 29.995325045,
  "errors": 0,
  "message_size": 128,
  "messages_sent": 26800,
  "target_rate": 1000
}
