{
  "actual_rate": 3040.5985817694946,
  "broker": "redis",
  "duration_sec": 29.995738519,
  "errors": 0,
  "message_size": 10240,
  "messages_sent": 91205,
  "target_rate": 5000
}
