{
  "actual_rate": 928.367146132865,
  "broker": "redis",
  "duration_sec": 29.996753026,
  "errors": 0,
  "message_size": 10240,
  "messages_sent": 27848,
  "target_rate": 1000
}
