{
  "actual_rate": 4976.805940029665,
  "broker": "redis",
  "duration_sec": 29.995945552,
  "errors": 0,
  "message_size": 1024,
  "messages_sent": 149284,
  "target_rate": 10000
}
