{
  "actual_rate": 2972.2125262862596,
  "broker": "redis",
  "duration_sec": 29.99549972,
  "errors": 0,
  "message_size": 1024,
  "messages_sent": 89153,
  "target_rate": 5000
}
