{
  "actual_rate": 4716.372857837333,
  "broker": "redis",
  "duration_sec": 29.998052373,
  "errors": 0,
  "message_size": 128,
  "messages_sent": 141482,
  "target_rate": 10000
}
