{
  "actual_rate": 910.626662006778,
  "broker": "redis",
  "duration_sec": 29.995827203,
  "errors": 0,
  "message_size": 102400,
  "messages_sent": 27315,
  "target_rate": 1000
}
