{
  "actual_rate": 3000.112914340732,
  "broker": "redis",
  "duration_sec": 29.995871012,
  "errors": 0,
  "message_size": 128,
  "messages_sent": 89991,
  "target_rate": 5000
}
